<?xml version="1.0" encoding="UTF-8"?>
<project-private xmlns="http://www.netbeans.org/ns/project-private/1">
    <editor-bookmarks xmlns="http://www.netbeans.org/ns/editor-bookmarks/2" lastBookmarkId="0"/>
    <open-files xmlns="http://www.netbeans.org/ns/projectui-open-files/2">
        <group>
            <file>file:/C:/Users/aluno/Documents/NetBeansProjects/sistemaacademico/src/sistemaacademico/beans/Professor.java</file>
            <file>file:/C:/Users/aluno/Documents/NetBeansProjects/sistemaacademico/src/sistemaacademico/beans/Aluno.java</file>
            <file>file:/C:/Users/aluno/Documents/NetBeansProjects/sistemaacademico/src/sistemaacademico/SistemaAcademico.java</file>
            <file>file:/C:/Users/aluno/Documents/NetBeansProjects/sistemaacademico/src/sistemaacademico/beans/Pessoa.java</file>
        </group>
    </open-files>
</project-private>
